{
  "title":"Lecture 01: Introduction to 14.310x Data Analysis for Social Scientists",
  "description": null,
  "file": "/courses/14-310x-data-analysis-for-social-scientists-spring-2023/14310x-lecture-1_360p_16_9.mp4",
  "learning_resource_types": ["Lecture Videos"],
  "resource_type": "Video",
  "file_type": "video/mp4",
  "youtube_key":  "YzdxbWqtiYg",
  "captions_file": "/courses/14-310x-data-analysis-for-social-scientists-spring-2023/1ssraL2tY8lXkcOElwGxnePvf-ZTGpEZ-_transcript.webvtt",
  "transcript_file": "/courses/14-310x-data-analysis-for-social-scientists-spring-2023/1ssraL2tY8lXkcOElwGxnePvf-ZTGpEZ-_transcript.pdf",
  "thumbnail_file": "https://img.youtube.com/vi/YzdxbWqtiYg/default.jpg",
  "archive_url": ""}
