{
  "title":"Lecture 05: Summarizing and Describing Data",
  "description": null,
  "file": "/courses/14-310x-data-analysis-for-social-scientists-spring-2023/14310x-lecture-5_360p_16_9.mp4",
  "learning_resource_types": ["Lecture Videos"],
  "resource_type": "Video",
  "file_type": "video/mp4",
  "youtube_key":  "yiQTHtvszJ8",
  "captions_file": "/courses/14-310x-data-analysis-for-social-scientists-spring-2023/1lJKmYbk05SgDmsVAi6H4lh2TW3DZYrUv_transcript.webvtt",
  "transcript_file": "/courses/14-310x-data-analysis-for-social-scientists-spring-2023/1lJKmYbk05SgDmsVAi6H4lh2TW3DZYrUv_transcript.pdf",
  "thumbnail_file": "https://img.youtube.com/vi/yiQTHtvszJ8/default.jpg",
  "archive_url": ""}
