{
  "title":"Lecture 06: Joint, Marginal, and Conditional Distributions",
  "description": null,
  "file": "/courses/14-310x-data-analysis-for-social-scientists-spring-2023/14310x-lecture-6_360p_16_9.mp4",
  "learning_resource_types": ["Lecture Videos"],
  "resource_type": "Video",
  "file_type": "video/mp4",
  "youtube_key":  "EqqUfIQ8948",
  "captions_file": "/courses/14-310x-data-analysis-for-social-scientists-spring-2023/1pBw6Y3O7_Y19n4fJ76a8Wniwg8eiOcqa_transcript.webvtt",
  "transcript_file": "/courses/14-310x-data-analysis-for-social-scientists-spring-2023/1pBw6Y3O7_Y19n4fJ76a8Wniwg8eiOcqa_transcript.pdf",
  "thumbnail_file": "https://img.youtube.com/vi/EqqUfIQ8948/default.jpg",
  "archive_url": ""}
