{
  "title":"Lecture 07: Functions of Random Variables",
  "description": null,
  "file": "/courses/14-310x-data-analysis-for-social-scientists-spring-2023/14310x-lecture-7_360p_16_9.mp4",
  "learning_resource_types": ["Lecture Videos"],
  "resource_type": "Video",
  "file_type": "video/mp4",
  "youtube_key":  "VBasf8IiCh4",
  "captions_file": "/courses/14-310x-data-analysis-for-social-scientists-spring-2023/13c3sUohnYxGim4BilCZnPIQPiN8cHu-V_transcript.webvtt",
  "transcript_file": "/courses/14-310x-data-analysis-for-social-scientists-spring-2023/13c3sUohnYxGim4BilCZnPIQPiN8cHu-V_transcript.pdf",
  "thumbnail_file": "https://img.youtube.com/vi/VBasf8IiCh4/default.jpg",
  "archive_url": ""}
