<?xml version="1.0" encoding="utf-8" standalone="yes"?>
<rss version="2.0" xmlns:atom="http://www.w3.org/2005/Atom">
  <channel>
    <title>Lecture Videos on MIT OpenCourseWare</title>
    <link>/resources/lecture-videos/</link>
    <description>Recent content in Lecture Videos on MIT OpenCourseWare</description>
    <generator>Hugo -- gohugo.io</generator>
    <language>en-us</language><atom:link href="/resources/lecture-videos/index.xml" rel="self" type="application/rss+xml" />
    <item>
      <title>Lecture 01: Introduction to 14.310x Data Analysis for Social Scientists</title>
      <link>/resources/14310x-lecture-1_mp4/data.json</link>
      <pubDate>Mon, 01 Jan 0001 00:00:00 +0000</pubDate>
      
      <guid>/resources/14310x-lecture-1_mp4/data.json</guid>
      <description>In this first lecture, Esther Duflo introduces the course and talks about how data can be powerful, beautiful, and also deceitful.</description>
    </item>
    
    <item>
      <title>Lecture 02: Fundamentals of Probability</title>
      <link>/resources/14310x-lecture-2_mp4/data.json</link>
      <pubDate>Mon, 01 Jan 0001 00:00:00 +0000</pubDate>
      
      <guid>/resources/14310x-lecture-2_mp4/data.json</guid>
      <description>In this lecture, Sara Ellison begins the discussion of probability, discussing the fundamentals, conditional probability, and independence.</description>
    </item>
    
    <item>
      <title>Lecture 03: Random Variables, Distributions, and Joint Distributions</title>
      <link>/resources/14310x-lecture-3_mp4/data.json</link>
      <pubDate>Mon, 01 Jan 0001 00:00:00 +0000</pubDate>
      
      <guid>/resources/14310x-lecture-3_mp4/data.json</guid>
      <description>In this lecture, Sara Ellison begins by talking about random variables and continues with the concept of distributions and joint distributions.</description>
    </item>
    
    <item>
      <title>Lecture 04: Gathering and Collecting Data</title>
      <link>/resources/14310x-lecture-4_mp4/data.json</link>
      <pubDate>Mon, 01 Jan 0001 00:00:00 +0000</pubDate>
      
      <guid>/resources/14310x-lecture-4_mp4/data.json</guid>
      <description>In this video, Esther Duflo covers where to find data, visualizing distributions, and using the distribution function to extract the knowledge we want.</description>
    </item>
    
    <item>
      <title>Lecture 05: Summarizing and Describing Data</title>
      <link>/resources/14310x-lecture-5_mp4/data.json</link>
      <pubDate>Mon, 01 Jan 0001 00:00:00 +0000</pubDate>
      
      <guid>/resources/14310x-lecture-5_mp4/data.json</guid>
      <description>In this video, Esther Duflo discusses kernel density estimation, cumulative distribution functions, and histograms.</description>
    </item>
    
    <item>
      <title>Lecture 06: Joint, Marginal, and Conditional Distributions</title>
      <link>/resources/14310x-lecture-6_mp4/data.json</link>
      <pubDate>Mon, 01 Jan 0001 00:00:00 +0000</pubDate>
      
      <guid>/resources/14310x-lecture-6_mp4/data.json</guid>
      <description>In this video, Sara Ellison continues the discussion of joint distributions and then covers independence of random variables and conditional distribution.</description>
    </item>
    
    <item>
      <title>Lecture 07: Functions of Random Variables</title>
      <link>/resources/14310x-lecture-7_mp4/data.json</link>
      <pubDate>Mon, 01 Jan 0001 00:00:00 +0000</pubDate>
      
      <guid>/resources/14310x-lecture-7_mp4/data.json</guid>
      <description>In this video, Sara Ellison discusses probability density function (PDF) and cumulative distribution function (CDF) of random variables, including examples.</description>
    </item>
    
    <item>
      <title>Lecture 08: Moments of Distribution</title>
      <link>/resources/14310x-lecture-8_mp4/data.json</link>
      <pubDate>Mon, 01 Jan 0001 00:00:00 +0000</pubDate>
      
      <guid>/resources/14310x-lecture-8_mp4/data.json</guid>
      <description>In this video, Sara Ellison continues the discussion of functions, then moves onto moments of distribution, and concludes with an extended example about auction theory.</description>
    </item>
    
    <item>
      <title>Lecture 09: Expectation, Variance, and Introduction to Regression</title>
      <link>/resources/14310x-lecture-9_mp4/data.json</link>
      <pubDate>Mon, 01 Jan 0001 00:00:00 +0000</pubDate>
      
      <guid>/resources/14310x-lecture-9_mp4/data.json</guid>
      <description>In this lecture, Sara Ellison talks about the properties of moments of a distribution and conditional moments.</description>
    </item>
    
    <item>
      <title>Lecture 10: Special Distributions</title>
      <link>/resources/14310x-lecture-10_mp4/data.json</link>
      <pubDate>Mon, 01 Jan 0001 00:00:00 +0000</pubDate>
      
      <guid>/resources/14310x-lecture-10_mp4/data.json</guid>
      <description>Esther Duflo begins the lecture by talking about the use of human subjects for research. She then continues the discussion on special distributions.</description>
    </item>
    
    <item>
      <title>Lecture 11: Special Distributions, continued. The Sample Mean, Central Limit Theorem, and Estimation</title>
      <link>/resources/14310x-lecture-11_mp4/data.json</link>
      <pubDate>Mon, 01 Jan 0001 00:00:00 +0000</pubDate>
      
      <guid>/resources/14310x-lecture-11_mp4/data.json</guid>
      <description>In this video, Esther Duflo continues the discussion on special distributions from lecture 10. Then Sara Ellison explains the sample mean, Central Limit Theorem, and estimation.</description>
    </item>
    
    <item>
      <title>Lecture 12: Assessing and Deriving Estimators</title>
      <link>/resources/14310x-lecture-12_mp4/data.json</link>
      <pubDate>Mon, 01 Jan 0001 00:00:00 +0000</pubDate>
      
      <guid>/resources/14310x-lecture-12_mp4/data.json</guid>
      <description>In this video, Sara Ellison continues to talk about estimation. She also covers criteria for assessing estimators and frameworks for deriving estimators.</description>
    </item>
    
    <item>
      <title>Lecture 13. Confidence Intervals, Hypothesis Testing, and Power Calculations</title>
      <link>/resources/14310x-lecture-13_mp4/data.json</link>
      <pubDate>Mon, 01 Jan 0001 00:00:00 +0000</pubDate>
      
      <guid>/resources/14310x-lecture-13_mp4/data.json</guid>
      <description>In this video, Sara Ellison discusses inference, including the topics of confidence intervals and hypothesis testing.</description>
    </item>
    
    <item>
      <title>Lecture 14: Causality</title>
      <link>/resources/14310x-lecture-14_mp4/data.json</link>
      <pubDate>Mon, 01 Jan 0001 00:00:00 +0000</pubDate>
      
      <guid>/resources/14310x-lecture-14_mp4/data.json</guid>
      <description>In this video, Esther Duflo explains causality, including different ways to model causality. She then moves on to discuss causality and randomized control trials.</description>
    </item>
    
    <item>
      <title>Lecture 15: Analyzing Randomized Experiments</title>
      <link>/resources/14310x-lecture-15_mp4/data.json</link>
      <pubDate>Mon, 01 Jan 0001 00:00:00 +0000</pubDate>
      
      <guid>/resources/14310x-lecture-15_mp4/data.json</guid>
      <description>In this video, Esther Duflo discusses analyzing randomized experiments, as well as, the importance of sample size when designing an experiment.</description>
    </item>
    
    <item>
      <title>Lecture 16: (More) Explanatory Data Analysis: Nonparametric Comparisons and Regressions</title>
      <link>/resources/14310x-lecture-16_mp4/data.json</link>
      <pubDate>Mon, 01 Jan 0001 00:00:00 +0000</pubDate>
      
      <guid>/resources/14310x-lecture-16_mp4/data.json</guid>
      <description>In this video, Esther Duflo talks about the uses of randomization in real-life examples and then segues into discussing nonparametric comparisons and regressions.</description>
    </item>
    
    <item>
      <title>Lecture 17: The Linear Model</title>
      <link>/resources/14310x-lecture-17_mp4/data.json</link>
      <pubDate>Mon, 01 Jan 0001 00:00:00 +0000</pubDate>
      
      <guid>/resources/14310x-lecture-17_mp4/data.json</guid>
      <description>In this video, Sara Ellison discusses the linear model and estimating it using linear regression.</description>
    </item>
    
    <item>
      <title>Lecture 18: The Multivariate Model</title>
      <link>/resources/14310x-lecture-18_mp4/data.json</link>
      <pubDate>Mon, 01 Jan 0001 00:00:00 +0000</pubDate>
      
      <guid>/resources/14310x-lecture-18_mp4/data.json</guid>
      <description>In this video, Sara Ellison begins by giving general pointers on writing an empirical social science paper and gives more details about the students&amp;rsquo; projects. She continues by talking about multivariate linear models and estimations.</description>
    </item>
    
    <item>
      <title>Lecture 19: Practical Issues in Running Regressions</title>
      <link>/resources/14310x-lecture-19_mp4/data.json</link>
      <pubDate>Mon, 01 Jan 0001 00:00:00 +0000</pubDate>
      
      <guid>/resources/14310x-lecture-19_mp4/data.json</guid>
      <description>In this video, Esther Duflo continues the discussion about testing in the linear model from the last lecture. Next, she talks about practical considerations to consider when running regressions and the regression discontinuity design.</description>
    </item>
    
    <item>
      <title>Lecture 20: Omitted Variable Bias</title>
      <link>/resources/14310x-lecture-20_mp4/data.json</link>
      <pubDate>Mon, 01 Jan 0001 00:00:00 +0000</pubDate>
      
      <guid>/resources/14310x-lecture-20_mp4/data.json</guid>
      <description>In this video, Esther Duflo continues the discussion of functional form, regression discontinuity design, and omitted variable bias.</description>
    </item>
    
    <item>
      <title>Lecture 21: Endogeneity and Instrument Variables</title>
      <link>/resources/14310x-lecture-21_mp4/data.json</link>
      <pubDate>Mon, 01 Jan 0001 00:00:00 +0000</pubDate>
      
      <guid>/resources/14310x-lecture-21_mp4/data.json</guid>
      <description>In this video, Esther Duflo discusses endogeneity, instrumental variables, and two-stage least squares.</description>
    </item>
    
    <item>
      <title>Lecture 22: Experimental Design</title>
      <link>/resources/14310x-lecture-22_mp4/data.json</link>
      <pubDate>Mon, 01 Jan 0001 00:00:00 +0000</pubDate>
      
      <guid>/resources/14310x-lecture-22_mp4/data.json</guid>
      <description>In this video, Esther Duflo continues the discussion of instrumental variables from Lecture 21. She then moves on to discuss experimental design.</description>
    </item>
    
    <item>
      <title>Lecture 23: Visualizing Data</title>
      <link>/resources/14310x-lecture-23_mp4/data.json</link>
      <pubDate>Mon, 01 Jan 0001 00:00:00 +0000</pubDate>
      
      <guid>/resources/14310x-lecture-23_mp4/data.json</guid>
      <description>In this lecture, Esther Duflo provides a short introduction to visualizing data. The two goals of data visualization are to help you get a sense of what is in the data, and how to tell the story of the data and results to others.</description>
    </item>
    
  </channel>
</rss>
