{
  "title":"mit14_310x_s23_chp_th.png",
  "description": null,
  "file": "/courses/14-310x-data-analysis-for-social-scientists-spring-2023/mit14_310x_s23_chp_th.png",
  "learning_resource_types": [],
  "resource_type": "Image",
  "file_type": "image/png",
  "image_metadata": {"caption":"A visualization of a Facebook network of 1000+ friends in Somalia. (Image by Kimo Quaintance. Used with permission.)","credit":"Image by Kimo Quiantance. Used with permission.","image-alt":"A data visualization that uses green, purple, teal, blue, and pink to represent clusters of Facebook users. "}}
