{
  "title":"Lecture 22: Experimental Design",
  "description": null,
  "file": "/courses/14-310x-data-analysis-for-social-scientists-spring-2023/14310x-lecture-22_360p_16_9.mp4",
  "learning_resource_types": ["Lecture Videos"],
  "resource_type": "Video",
  "file_type": "video/mp4",
  "youtube_key":  "Y7GyEUj88PI",
  "captions_file": "/courses/14-310x-data-analysis-for-social-scientists-spring-2023/1go0TK95EP8iDSJ8EKVNbcUp5-UY3r96-_transcript.webvtt",
  "transcript_file": "/courses/14-310x-data-analysis-for-social-scientists-spring-2023/1go0TK95EP8iDSJ8EKVNbcUp5-UY3r96-_transcript.pdf",
  "thumbnail_file": "https://img.youtube.com/vi/Y7GyEUj88PI/default.jpg",
  "archive_url": ""}
