{
  "title":"Lecture 21: Endogeneity and Instrument Variables",
  "description": null,
  "file": "/courses/14-310x-data-analysis-for-social-scientists-spring-2023/14310x-lecture-21_360p_16_9.mp4",
  "learning_resource_types": ["Lecture Videos"],
  "resource_type": "Video",
  "file_type": "video/mp4",
  "youtube_key":  "OrK_pnmh_pQ",
  "captions_file": "/courses/14-310x-data-analysis-for-social-scientists-spring-2023/1hS_CMHihrtBr_c0aY1WUUHKiv0Vkp66r_transcript.webvtt",
  "transcript_file": "/courses/14-310x-data-analysis-for-social-scientists-spring-2023/1hS_CMHihrtBr_c0aY1WUUHKiv0Vkp66r_transcript.pdf",
  "thumbnail_file": "https://img.youtube.com/vi/OrK_pnmh_pQ/default.jpg",
  "archive_url": ""}
