{
  "title":"Lecture 11: Special Distributions, continued. The Sample Mean, Central Limit Theorem, and Estimation",
  "description": null,
  "file": "/courses/14-310x-data-analysis-for-social-scientists-spring-2023/14310x-lecture-11_360p_16_9.mp4",
  "learning_resource_types": ["Lecture Videos"],
  "resource_type": "Video",
  "file_type": "video/mp4",
  "youtube_key":  "m2gRXPmtU0Q",
  "captions_file": "/courses/14-310x-data-analysis-for-social-scientists-spring-2023/1iQi6MTIA-SEZIQUAWziuclZzHpzXgX1Q_transcript.webvtt",
  "transcript_file": "/courses/14-310x-data-analysis-for-social-scientists-spring-2023/1iQi6MTIA-SEZIQUAWziuclZzHpzXgX1Q_transcript.pdf",
  "thumbnail_file": "https://img.youtube.com/vi/m2gRXPmtU0Q/default.jpg",
  "archive_url": ""}
