{"00a5789f-8141-41a8-94c1-627a34ef9787":"/resources/mit14_310x_s23_week09_lec19_pdf/data.json","04713997-740b-428c-85fd-e583451e899b":"/resources/14310x-lecture-20_mp4/data.json","05b14ee3-b838-4a89-b1ab-944992f6a0b6":"/resources/14310x-lecture-16_mp4/data.json","070b7978-7621-4dc1-9285-e7dcfa482d4d":"/resources/14310x-lecture-8_mp4/data.json","0b6ded66-cb3b-481d-a0be-516a8141e22c":"/resources/mit14_310x_s23_chp_th_png/data.json","120c1e62-010f-4284-ba5a-d7577e964592":"/resources/mit14_310x_s23_homework03_part02_pdf/data.json","12358a56-f43e-41e4-872c-8d522031c85b":"/resources/mit14_310x_s23_week09_lec20_pdf/data.json","15aa8ef1-02ea-4497-9a37-1c6d790e3ea3":"/pages/week-4/data.json","1c5197fb-fa8d-4156-aa68-29108e516c7a":"/resources/mit14_310x_s23_week05_lec10_pdf/data.json","1cfaa77a-f996-42a2-8d71-5b01a553a658":"/resources/mit14_310x_s23_week06_lec13_pdf/data.json","1f552598-e1b0-4853-bcf7-920784279810":"/resources/mit14_310x_s23_week02_lec03_pdf/data.json","25d0dfbe-638b-4a41-827d-3dcbab651a14":"/resources/14310x-lecture-7_mp4/data.json","27deb6c6-3c01-44bc-8859-2cffecf24ec8":"/pages/week-10/data.json","28c1a65c-bfe6-40b4-9bd1-7c59cdee698c":"/video_galleries/lecture-videos/data.json","2ba407e0-bf1f-40f9-9e07-5acd04425b0a":"/pages/week-3/data.json","2dc85d79-017d-4f8b-96da-4ab67b2a69eb":"/resources/mit14_310x_s23_week08_lec17_pdf/data.json","2e9aad24-eded-42eb-8500-b8bd93556dca":"/resources/mit14_310x_s23_week10_lec21_pdf/data.json","2faf8028-0a10-4bff-bd62-f9aa4df69eb8":"/resources/14310x-lecture-3_mp4/data.json","33ea90eb-42aa-4e00-9cba-efbd12a07112":"/resources/mit14_310x_s23_week07_lec16_pdf/data.json","36232d8f-7431-4c73-93f1-fe51b49d4490":"/resources/14310x-lecture-23_mp4/data.json","3ac0606a-0409-4a7b-b6bd-5f0e8d446294":"/resources/mit14_310x_s23_week07_datacode_zip/data.json","3fa3b3f6-7647-47df-b5f0-abd11416cdb0":"/resources/14310x-lecture-15_mp4/data.json","4174d8f5-5b79-4d32-819d-868867dcd659":"/resources/mit14_310x_s23_homework10_pdf/data.json","4a53ff14-aac3-41db-bf68-2c52bdfb1bad":"/resources/14310x-lecture-4_mp4/data.json","4e574572-b717-41ff-be0b-9085969b4398":"/pages/week-5/data.json","4e7dfe2f-80af-4fce-a83c-1f8aa8008cbb":"/resources/mit14_310x_s23_week04_datacode_zip/data.json","4ef5e92c-1f3c-40f5-83f4-223e7a01af74":"/resources/mit14_310x_s23_homework04_pdf/data.json","4fecce6c-85ea-4b02-8708-0d799ad8fd2e":"/resources/mit14_310x_s23_week02_datacode_zip/data.json","51279b23-e692-43ac-8526-5edce2edd87b":"/resources/14310x-lecture-18_mp4/data.json","52f4cdab-fc4e-48b4-835e-dc2dc1a29b84":"/resources/14310x-lecture-13_mp4/data.json","53415af0-e75a-41bf-9490-68b56b8b5d50":"/resources/mit14_310x_s23_homework02_pdf/data.json","538d260d-854f-4b65-aa3c-60350b3adb5a":"/resources/mit14_310x_s23_week07_lec15_pdf/data.json","596ccfea-26d2-4826-915a-2486a90e1d9c":"/pages/week-8/data.json","5a8bc5a5-9644-413b-8cab-262214200645":"/resources/14310x-lecture-14_mp4/data.json","63520cc7-90e5-4696-b890-5014f43504bf":"/resources/14310x-lecture-5_mp4/data.json","6f6f1b4c-8243-4975-a5e8-8c4d8cd2342b":"/resources/mit14_310x_s23_homework09_pdf/data.json","725e422a-7c44-4c77-bf54-a3f2e7475345":"/resources/mit14_310x_s23_week02_lec04_pdf/data.json","79a7e08d-f4d0-42a3-9fe4-616c38294617":"/resources/mit14_310x_s23_homework03_part01_pdf/data.json","7e6d0351-ae8e-4c60-bd7c-df905f5d1eb7":"/resources/14310x-lecture-11_mp4/data.json","81c6fffa-ca01-4d33-9cbf-52868bbb5801":"/resources/14310x-lecture-6_mp4/data.json","81d164bb-8e73-4af8-930e-be8aa1504681":"/resources/14310x-lecture-9_mp4/data.json","825d7c01-643b-4d13-91d1-97e2707bb0fe":"/resources/14310x-lecture-19_mp4/data.json","828d9cbb-c71a-42a4-9683-7a46e71b4d3f":"/resources/mit14_310x_s23_chp_png/data.json","86d73b12-fd27-4498-9f8c-df06d2bfc921":"/pages/instructor-insights/data.json","886d05da-1867-4492-8220-f68baf5d0190":"/resources/14310x-lecture-2_mp4/data.json","898ca77a-a4a9-4c0d-bb90-8c1a52e382a8":"/pages/calendar/data.json","8c4bfcec-ce58-4baf-bfe2-960903cb8318":"/resources/mit14_310x_s23_week06_lec12_pdf/data.json","8f1678c7-609d-4ba8-b487-07866d2f6a0d":"/resources/mit14_310x_s23_week04_lec07_pdf/data.json","8ffad60c-2ce1-4cbc-b451-2387c7a14366":"/resources/mit14_310x_s23_week01_lec01_pdf/data.json","955c77e0-659c-4deb-a659-2fbb3e4517c1":"/resources/mit14_310x_s23_homework01_pdf/data.json","985479ca-abb9-4f9e-ad75-c2d71ee7463b":"/resources/mit14_310x_s23_week03_lec05_pdf/data.json","9e4c94a6-4470-4f7b-a860-3cc4a59c0e11":"/resources/mit14_310x_s23_week03_datacode_zip/data.json","9fd00cf7-2442-44bb-97f3-edb57d89f66b":"/resources/14310x-lecture-22_mp4/data.json","a2ec6aa6-dfae-46cc-885d-7c778ee9a8fe":"/pages/week-1/data.json","a7fb64fc-650c-4f3f-b560-c0edecf880b6":"/resources/mit14_310x_s23_week02_lec02_pdf/data.json","aebf3f15-d981-4bb9-aa9c-4f775bb57ce6":"/resources/mit14_310x_s23_week04_lec09_pdf/data.json","b017d686-f4c7-4d55-8fb3-984ba08fb205":"/resources/14310x-lecture-17_mp4/data.json","b74b2310-23a8-4d42-8817-02feb46f81d0":"/resources/mit14_310x_s23_week04_lec08_pdf/data.json","bef24877-2e22-46b2-931d-b79e5f65b1e1":"/resources/mit14_310x_s23_homework06_pdf/data.json","bf136762-a0a6-49a6-8996-fb117f6a460f":"/resources/mit14_310x_s23_homework05_pdf/data.json","bfda7542-d485-47b1-b07f-71da51218743":"/resources/mit14_310x_s23_homework08_pdf/data.json","c478de59-c517-4aa7-8b76-7e3791c8178f":"/resources/mit14_310x_s23_week07_lec14_pdf/data.json","c61caefe-4e1c-4c71-96e9-ae0efd3a0e15":"/pages/syllabus/data.json","c785891d-0b54-452a-9ad9-02801fd93b83":"/resources/14310x-lecture-1_mp4/data.json","c9de3a8f-2598-4d39-bb10-2fd99fbf5a07":"/pages/week-2/data.json","caecb2c1-aba5-4eb5-952b-075e04f7d528":"/resources/mit14_310x_s23_week10_lec22_pdf/data.json","d90e95c5-ea08-4e60-9971-2c40b605bd37":"/pages/week-7/data.json","dbde5f95-d4f0-4d4a-9cfd-77224153b5e4":"/resources/mit14_310x_s23_week08_lec18_pdf/data.json","e1cd3fc6-579f-461b-9b67-d2f0420073d1":"/resources/14310x-lecture-10_mp4/data.json","e6858f88-f383-4856-a0bf-18ad2e656d28":"/resources/mit14_310x_s23_homework07_pdf/data.json","eb06462a-5730-4cde-ba62-fa5f9bc32098":"/pages/week-6/data.json","f1397dd3-e2d3-48ed-8cfc-5723b6ec37ee":"/resources/14310x-lecture-12_mp4/data.json","f2ca8b96-826a-406f-b999-fa6b98533828":"/resources/14310x-lecture-21_mp4/data.json","f522fc84-8103-4ec1-b736-8f719b97a430":"/resources/mit14_310x_s23_week03_lec06_pdf/data.json","f82bdb63-d389-4e2d-9c90-d429cf44c775":"/resources/mit14_310x_s23_week05_lec11_pdf/data.json","fb814edd-8e8a-488a-864b-87327e4c60e6":"/pages/week-9/data.json","fbb3296f-7c11-431e-a51a-9dc9744c53e1":"/pages/comprehensive-review/data.json"}