{
  "course_title":"Data Analysis for Social Scientists",
  "course_description":"This course introduces methods for harnessing data to answer questions of cultural, social, economic, and policy interest. We will start with essential notions of probability and statistics. We will proceed to cover techniques in modern data analysis: regression and econometrics, design of experiments, randomized control trials (and A/B testing), machine learning, and data visualization.\n\nWe will illustrate these concepts with applications drawn from real-world examples and frontier research. Finally, we will provide instruction on the use of the statistical package R, and opportunities for students to perform self-directed empirical analyses.\n\n**MITx Online**\n\nThis course draws materials from *14.310x Data Analysis for Social Scientists*, which is part of the MicroMasters Program in Data, Economics, and Design of Policy offered by MITx Online. The MITx Online course is entirely free to audit, though learners have the option to pay a fee, which is based on the learner’s ability to pay, to take the proctored exam and earn a course certificate. To access that course, create an MITx Online account and enroll in the course [14.310x Data Analysis for Social Scientists](https://mitxonline.mit.edu/courses/course-v1:MITxT+14.310x/?utm_medium=ocw-website\u0026utm_source=ocw-website\u0026utm_campaign=dedp\u0026utm_content=ocw-page-data-analysis-for-social-scientists).",
  "course_description_html":"<p>This course introduces methods for harnessing data to answer questions of cultural, social, economic, and policy interest. We will start with essential notions of probability and statistics. We will proceed to cover techniques in modern data analysis: regression and econometrics, design of experiments, randomized control trials (and A/B testing), machine learning, and data visualization.</p>\n<p>We will illustrate these concepts with applications drawn from real-world examples and frontier research. Finally, we will provide instruction on the use of the statistical package R, and opportunities for students to perform self-directed empirical analyses.</p>\n<p><strong>MITx Online</strong></p>\n<p>This course draws materials from <em>14.310x Data Analysis for Social Scientists</em>, which is part of the MicroMasters Program in Data, Economics, and Design of Policy offered by MITx Online. The MITx Online course is entirely free to audit, though learners have the option to pay a fee, which is based on the learner’s ability to pay, to take the proctored exam and earn a course certificate. To access that course, create an MITx Online account and enroll in the course <a href=\"https://mitxonline.mit.edu/courses/course-v1:MITxT&#43;14.310x/?utm_medium=ocw-website&amp;utm_source=ocw-website&amp;utm_campaign=dedp&amp;utm_content=ocw-page-data-analysis-for-social-scientists\" target=\"_blank\" rel=\"noopener\">14.310x Data Analysis for Social Scientists</a>.</p>\n",
  "site_uid":"52fee8d6-6661-43c3-be67-447e86289c42",
  "legacy_uid":"","instructors": [{
    "first_name":"Esther",
    "last_name":"Duflo",
    "middle_initial":"",
    "salutation":"Prof. ",
    "title":"Prof. Esther Duflo"},{
    "first_name":"Sara",
    "last_name":"Ellison",
    "middle_initial":"",
    "salutation":"Dr.",
    "title":"Dr. Sara Ellison"}],"department_numbers":["14"],
  "learning_resource_types":["Lecture Notes","Lecture Videos","Problem Sets"],
  "topics":[["Mathematics","Probability and Statistics"],["Social Science","Economics"],["Social Science","Economics","Econometrics"]],
  "primary_course_number":"14.310x",
  "extra_course_numbers":"",
  "term":"Spring",
  "year":"2023",
  "level":["Graduate"],
  "image_src":"./static_resources/mit14_310x_s23_chp.png",
  "course_image_metadata":{"body":"","content_type":"resource","draft":false,"file":"/courses/14-310x-data-analysis-for-social-scientists-spring-2023/mit14_310x_s23_chp.png","file_size":85416,"file_type":"image/png","image_metadata":{"caption":"A visualization of a Facebook network of 1000+ friends in Somalia. (Image by Kimo Quaintance. Used with permission.)","credit":"Image by Kimo Quiantance. Used with permission.","image-alt":"A data visualization that uses green, purple, teal, blue, and pink to represent clusters of Facebook users."},"iscjklanguage":false,"learning_resource_types":[],"license":"https://creativecommons.org/licenses/by-nc-sa/4.0/","resourcetype":"Image","title":"mit14_310x_s23_chp.png","uid":"828d9cbb-c71a-42a4-9683-7a46e71b4d3f","video_files":{"archive_url":"","video_captions_file":"","video_thumbnail_file":"","video_transcript_file":""},"video_metadata":{"video_speakers":"","video_tags":"","youtube_description":"","youtube_id":""}}}

