{
  "title":"Lecture 10: Special Distributions",
  "description": null,
  "file": "/courses/14-310x-data-analysis-for-social-scientists-spring-2023/14310x-lecture-10_360p_16_9.mp4",
  "learning_resource_types": ["Lecture Videos"],
  "resource_type": "Video",
  "file_type": "video/mp4",
  "youtube_key":  "PwBO6pn5mkM",
  "captions_file": "/courses/14-310x-data-analysis-for-social-scientists-spring-2023/1ckJJgMdgW9wbLjC6sX7qRGdih6LA8m_x_transcript.webvtt",
  "transcript_file": "/courses/14-310x-data-analysis-for-social-scientists-spring-2023/1ckJJgMdgW9wbLjC6sX7qRGdih6LA8m_x_transcript.pdf",
  "thumbnail_file": "https://img.youtube.com/vi/PwBO6pn5mkM/default.jpg",
  "archive_url": ""}
