{
  "title":"Lecture 17: The Linear Model",
  "description": null,
  "file": "/courses/14-310x-data-analysis-for-social-scientists-spring-2023/14310x-lecture-17_360p_16_9.mp4",
  "learning_resource_types": ["Lecture Videos"],
  "resource_type": "Video",
  "file_type": "video/mp4",
  "youtube_key":  "r3YSpzhq72A",
  "captions_file": "/courses/14-310x-data-analysis-for-social-scientists-spring-2023/1Pb8a-n5AGjdVgRFTlURrBI95Kc5yR2YT_transcript.webvtt",
  "transcript_file": "/courses/14-310x-data-analysis-for-social-scientists-spring-2023/1Pb8a-n5AGjdVgRFTlURrBI95Kc5yR2YT_transcript.pdf",
  "thumbnail_file": "https://img.youtube.com/vi/r3YSpzhq72A/default.jpg",
  "archive_url": ""}
