{
  "title":"Lecture 19: Practical Issues in Running Regressions",
  "description": null,
  "file": "/courses/14-310x-data-analysis-for-social-scientists-spring-2023/14310x-lecture-19_360p_16_9.mp4",
  "learning_resource_types": ["Lecture Videos"],
  "resource_type": "Video",
  "file_type": "video/mp4",
  "youtube_key":  "Hsxq7L0HTZw",
  "captions_file": "/courses/14-310x-data-analysis-for-social-scientists-spring-2023/1_kGDWXHT_HDEtQKZoxdktyuWfJGQhnAz_transcript.webvtt",
  "transcript_file": "/courses/14-310x-data-analysis-for-social-scientists-spring-2023/1_kGDWXHT_HDEtQKZoxdktyuWfJGQhnAz_transcript.pdf",
  "thumbnail_file": "https://img.youtube.com/vi/Hsxq7L0HTZw/default.jpg",
  "archive_url": ""}
