{
  "title":"Lecture 15: Analyzing Randomized Experiments",
  "description": null,
  "file": "/courses/14-310x-data-analysis-for-social-scientists-spring-2023/14310x-lecture-15_360p_16_9.mp4",
  "learning_resource_types": ["Lecture Videos"],
  "resource_type": "Video",
  "file_type": "video/mp4",
  "youtube_key":  "vSKy9aPdd8I",
  "captions_file": "/courses/14-310x-data-analysis-for-social-scientists-spring-2023/1dQJMq_v5P-CU1UDnu_3IgZ5W1i7zyZUU_transcript.webvtt",
  "transcript_file": "/courses/14-310x-data-analysis-for-social-scientists-spring-2023/1dQJMq_v5P-CU1UDnu_3IgZ5W1i7zyZUU_transcript.pdf",
  "thumbnail_file": "https://img.youtube.com/vi/vSKy9aPdd8I/default.jpg",
  "archive_url": ""}
