<?xml version="1.0" encoding="utf-8" standalone="yes"?>
<rss version="2.0" xmlns:atom="http://www.w3.org/2005/Atom">
  <channel>
    <title>Lecture Notes on MIT OpenCourseWare</title>
    <link>/resources/lecture-notes/</link>
    <description>Recent content in Lecture Notes on MIT OpenCourseWare</description>
    <generator>Hugo -- gohugo.io</generator>
    <language>en-us</language><atom:link href="/resources/lecture-notes/index.xml" rel="self" type="application/rss+xml" />
    <item>
      <title>Lecture 01: Introduction</title>
      <link>/resources/mit14_310x_s23_week01_lec01_pdf/data.json</link>
      <pubDate>Mon, 01 Jan 0001 00:00:00 +0000</pubDate>
      
      <guid>/resources/mit14_310x_s23_week01_lec01_pdf/data.json</guid>
      <description></description>
    </item>
    
    <item>
      <title>Lecture 02: Fundamentals of Probability</title>
      <link>/resources/mit14_310x_s23_week02_lec02_pdf/data.json</link>
      <pubDate>Mon, 01 Jan 0001 00:00:00 +0000</pubDate>
      
      <guid>/resources/mit14_310x_s23_week02_lec02_pdf/data.json</guid>
      <description></description>
    </item>
    
    <item>
      <title>Lecture 03: Random Variables, Distributions, and Joint Distributions</title>
      <link>/resources/mit14_310x_s23_week02_lec03_pdf/data.json</link>
      <pubDate>Mon, 01 Jan 0001 00:00:00 +0000</pubDate>
      
      <guid>/resources/mit14_310x_s23_week02_lec03_pdf/data.json</guid>
      <description></description>
    </item>
    
    <item>
      <title>Lecture 04: Gathering and Collecting Data</title>
      <link>/resources/mit14_310x_s23_week02_lec04_pdf/data.json</link>
      <pubDate>Mon, 01 Jan 0001 00:00:00 +0000</pubDate>
      
      <guid>/resources/mit14_310x_s23_week02_lec04_pdf/data.json</guid>
      <description></description>
    </item>
    
    <item>
      <title>Lecture 05: Summarizing and Describing Data</title>
      <link>/resources/mit14_310x_s23_week03_lec05_pdf/data.json</link>
      <pubDate>Mon, 01 Jan 0001 00:00:00 +0000</pubDate>
      
      <guid>/resources/mit14_310x_s23_week03_lec05_pdf/data.json</guid>
      <description></description>
    </item>
    
    <item>
      <title>Lecture 06:  Joint, Marginal, and Conditional Distributions</title>
      <link>/resources/mit14_310x_s23_week03_lec06_pdf/data.json</link>
      <pubDate>Mon, 01 Jan 0001 00:00:00 +0000</pubDate>
      
      <guid>/resources/mit14_310x_s23_week03_lec06_pdf/data.json</guid>
      <description></description>
    </item>
    
    <item>
      <title>Lecture 07: Functions of Random Variables</title>
      <link>/resources/mit14_310x_s23_week04_lec07_pdf/data.json</link>
      <pubDate>Mon, 01 Jan 0001 00:00:00 +0000</pubDate>
      
      <guid>/resources/mit14_310x_s23_week04_lec07_pdf/data.json</guid>
      <description></description>
    </item>
    
    <item>
      <title>Lecture 08: Moments of Distribution</title>
      <link>/resources/mit14_310x_s23_week04_lec08_pdf/data.json</link>
      <pubDate>Mon, 01 Jan 0001 00:00:00 +0000</pubDate>
      
      <guid>/resources/mit14_310x_s23_week04_lec08_pdf/data.json</guid>
      <description></description>
    </item>
    
    <item>
      <title>Lecture 09: Expectation, Variance, and Introduction to Regression</title>
      <link>/resources/mit14_310x_s23_week04_lec09_pdf/data.json</link>
      <pubDate>Mon, 01 Jan 0001 00:00:00 +0000</pubDate>
      
      <guid>/resources/mit14_310x_s23_week04_lec09_pdf/data.json</guid>
      <description></description>
    </item>
    
    <item>
      <title>Lecture 10: Special Distribution</title>
      <link>/resources/mit14_310x_s23_week05_lec10_pdf/data.json</link>
      <pubDate>Mon, 01 Jan 0001 00:00:00 +0000</pubDate>
      
      <guid>/resources/mit14_310x_s23_week05_lec10_pdf/data.json</guid>
      <description></description>
    </item>
    
    <item>
      <title>Lecture 11: Special Distributions, continued. The Sample Mean, Central Limit Theorem, and Estimation</title>
      <link>/resources/mit14_310x_s23_week05_lec11_pdf/data.json</link>
      <pubDate>Mon, 01 Jan 0001 00:00:00 +0000</pubDate>
      
      <guid>/resources/mit14_310x_s23_week05_lec11_pdf/data.json</guid>
      <description></description>
    </item>
    
    <item>
      <title>Lecture 12: Assessing and Deriving Estimators</title>
      <link>/resources/mit14_310x_s23_week06_lec12_pdf/data.json</link>
      <pubDate>Mon, 01 Jan 0001 00:00:00 +0000</pubDate>
      
      <guid>/resources/mit14_310x_s23_week06_lec12_pdf/data.json</guid>
      <description></description>
    </item>
    
    <item>
      <title>Lecture 13. Confidence Intervals, Hypothesis Testing, and Power Calculations</title>
      <link>/resources/mit14_310x_s23_week06_lec13_pdf/data.json</link>
      <pubDate>Mon, 01 Jan 0001 00:00:00 +0000</pubDate>
      
      <guid>/resources/mit14_310x_s23_week06_lec13_pdf/data.json</guid>
      <description></description>
    </item>
    
    <item>
      <title>Lecture 14: Causality</title>
      <link>/resources/mit14_310x_s23_week07_lec14_pdf/data.json</link>
      <pubDate>Mon, 01 Jan 0001 00:00:00 +0000</pubDate>
      
      <guid>/resources/mit14_310x_s23_week07_lec14_pdf/data.json</guid>
      <description></description>
    </item>
    
    <item>
      <title>Lecture 15: Analyzing Randomized Experiments</title>
      <link>/resources/mit14_310x_s23_week07_lec15_pdf/data.json</link>
      <pubDate>Mon, 01 Jan 0001 00:00:00 +0000</pubDate>
      
      <guid>/resources/mit14_310x_s23_week07_lec15_pdf/data.json</guid>
      <description></description>
    </item>
    
    <item>
      <title>Lecture 16: (More) Explanatory Data Analysis: Nonparametric Comparisons and Regressions</title>
      <link>/resources/mit14_310x_s23_week07_lec16_pdf/data.json</link>
      <pubDate>Mon, 01 Jan 0001 00:00:00 +0000</pubDate>
      
      <guid>/resources/mit14_310x_s23_week07_lec16_pdf/data.json</guid>
      <description></description>
    </item>
    
    <item>
      <title>Lecture 17: The Linear Model</title>
      <link>/resources/mit14_310x_s23_week08_lec17_pdf/data.json</link>
      <pubDate>Mon, 01 Jan 0001 00:00:00 +0000</pubDate>
      
      <guid>/resources/mit14_310x_s23_week08_lec17_pdf/data.json</guid>
      <description></description>
    </item>
    
    <item>
      <title>Lecture 18: The Multivariate Linear Model</title>
      <link>/resources/mit14_310x_s23_week08_lec18_pdf/data.json</link>
      <pubDate>Mon, 01 Jan 0001 00:00:00 +0000</pubDate>
      
      <guid>/resources/mit14_310x_s23_week08_lec18_pdf/data.json</guid>
      <description></description>
    </item>
    
    <item>
      <title>Lecture 19: Practical Issues in Running Regressions</title>
      <link>/resources/mit14_310x_s23_week09_lec19_pdf/data.json</link>
      <pubDate>Mon, 01 Jan 0001 00:00:00 +0000</pubDate>
      
      <guid>/resources/mit14_310x_s23_week09_lec19_pdf/data.json</guid>
      <description></description>
    </item>
    
    <item>
      <title>Lecture 20: Omitted Variable Bias</title>
      <link>/resources/mit14_310x_s23_week09_lec20_pdf/data.json</link>
      <pubDate>Mon, 01 Jan 0001 00:00:00 +0000</pubDate>
      
      <guid>/resources/mit14_310x_s23_week09_lec20_pdf/data.json</guid>
      <description></description>
    </item>
    
    <item>
      <title>Lecture 21: Endogeneity and Instrument Variables</title>
      <link>/resources/mit14_310x_s23_week10_lec21_pdf/data.json</link>
      <pubDate>Mon, 01 Jan 0001 00:00:00 +0000</pubDate>
      
      <guid>/resources/mit14_310x_s23_week10_lec21_pdf/data.json</guid>
      <description></description>
    </item>
    
    <item>
      <title>Lecture 22: Experimental Design</title>
      <link>/resources/mit14_310x_s23_week10_lec22_pdf/data.json</link>
      <pubDate>Mon, 01 Jan 0001 00:00:00 +0000</pubDate>
      
      <guid>/resources/mit14_310x_s23_week10_lec22_pdf/data.json</guid>
      <description></description>
    </item>
    
  </channel>
</rss>
