{
  "title":"Lecture 18: The Multivariate Model",
  "description": null,
  "file": "/courses/14-310x-data-analysis-for-social-scientists-spring-2023/14310x-lecture-18_360p_16_9.mp4",
  "learning_resource_types": ["Lecture Videos"],
  "resource_type": "Video",
  "file_type": "video/mp4",
  "youtube_key":  "Y9Awwqqc288",
  "captions_file": "/courses/14-310x-data-analysis-for-social-scientists-spring-2023/1RvzT6-ZbcrzMrZ7SQO_y36jvRHVVvtOC_transcript.webvtt",
  "transcript_file": "/courses/14-310x-data-analysis-for-social-scientists-spring-2023/1RvzT6-ZbcrzMrZ7SQO_y36jvRHVVvtOC_transcript.pdf",
  "thumbnail_file": "https://img.youtube.com/vi/Y9Awwqqc288/default.jpg",
  "archive_url": ""}
