{
  "title":"Lecture 09: Expectation, Variance, and Introduction to Regression",
  "description": null,
  "file": "/courses/14-310x-data-analysis-for-social-scientists-spring-2023/14310x-lecture-9_360p_16_9.mp4",
  "learning_resource_types": ["Lecture Videos"],
  "resource_type": "Video",
  "file_type": "video/mp4",
  "youtube_key":  "jZdTVL5Ty-U",
  "captions_file": "/courses/14-310x-data-analysis-for-social-scientists-spring-2023/1RL25-tzl8PGADAQzvWiM5VNL-WDKCZVT_transcript.webvtt",
  "transcript_file": "/courses/14-310x-data-analysis-for-social-scientists-spring-2023/1RL25-tzl8PGADAQzvWiM5VNL-WDKCZVT_transcript.pdf",
  "thumbnail_file": "https://img.youtube.com/vi/jZdTVL5Ty-U/default.jpg",
  "archive_url": ""}
