{
  "title":"Lecture 14: Causality",
  "description": null,
  "file": "/courses/14-310x-data-analysis-for-social-scientists-spring-2023/14310x-lecture-14_360p_16_9.mp4",
  "learning_resource_types": ["Lecture Videos"],
  "resource_type": "Video",
  "file_type": "video/mp4",
  "youtube_key":  "lWPNhP7ih-M",
  "captions_file": "/courses/14-310x-data-analysis-for-social-scientists-spring-2023/1sRinlzzEkHXpQpWcDHY5MdxdJcy6TxTG_transcript.webvtt",
  "transcript_file": "/courses/14-310x-data-analysis-for-social-scientists-spring-2023/1sRinlzzEkHXpQpWcDHY5MdxdJcy6TxTG_transcript.pdf",
  "thumbnail_file": "https://img.youtube.com/vi/lWPNhP7ih-M/default.jpg",
  "archive_url": ""}
