{
  "title":"Lecture 23: Visualizing Data",
  "description": null,
  "file": "/courses/14-310x-data-analysis-for-social-scientists-spring-2023/14310x-lecture-23_360p_16_9.mp4",
  "learning_resource_types": ["Lecture Videos"],
  "resource_type": "Video",
  "file_type": "video/mp4",
  "youtube_key":  "C5JjMP8m-4E",
  "captions_file": "/courses/14-310x-data-analysis-for-social-scientists-spring-2023/1IfJUnbW0D5bv48A--hy_wB5f39ubxDGi_transcript.webvtt",
  "transcript_file": "/courses/14-310x-data-analysis-for-social-scientists-spring-2023/1IfJUnbW0D5bv48A--hy_wB5f39ubxDGi_transcript.pdf",
  "thumbnail_file": "https://img.youtube.com/vi/C5JjMP8m-4E/default.jpg",
  "archive_url": ""}
