{
  "title":"Lecture 08: Moments of Distribution",
  "description": null,
  "file": "/courses/14-310x-data-analysis-for-social-scientists-spring-2023/14310x-lecture-8_360p_16_9.mp4",
  "learning_resource_types": ["Lecture Videos"],
  "resource_type": "Video",
  "file_type": "video/mp4",
  "youtube_key":  "4A9bGL-_ilA",
  "captions_file": "/courses/14-310x-data-analysis-for-social-scientists-spring-2023/1dNQkJKrdXt9evJyWJWGeG4QDIzfXOZ4C_transcript.webvtt",
  "transcript_file": "/courses/14-310x-data-analysis-for-social-scientists-spring-2023/1dNQkJKrdXt9evJyWJWGeG4QDIzfXOZ4C_transcript.pdf",
  "thumbnail_file": "https://img.youtube.com/vi/4A9bGL-_ilA/default.jpg",
  "archive_url": ""}
