
{ 
  "title":"Lecture Videos",
  "description":"", 
  "videos": [{
          "description": null,
          "file": "/courses/14-310x-data-analysis-for-social-scientists-spring-2023/14310x-lecture-1_360p_16_9.mp4"
        },{
          "description": null,
          "file": "/courses/14-310x-data-analysis-for-social-scientists-spring-2023/14310x-lecture-2_360p_16_9.mp4"
        },{
          "description": null,
          "file": "/courses/14-310x-data-analysis-for-social-scientists-spring-2023/14310x-lecture-3_360p_16_9.mp4"
        },{
          "description": null,
          "file": "/courses/14-310x-data-analysis-for-social-scientists-spring-2023/14310x-lecture-4_360p_16_9.mp4"
        },{
          "description": null,
          "file": "/courses/14-310x-data-analysis-for-social-scientists-spring-2023/14310x-lecture-5_360p_16_9.mp4"
        },{
          "description": null,
          "file": "/courses/14-310x-data-analysis-for-social-scientists-spring-2023/14310x-lecture-6_360p_16_9.mp4"
        },{
          "description": null,
          "file": "/courses/14-310x-data-analysis-for-social-scientists-spring-2023/14310x-lecture-7_360p_16_9.mp4"
        },{
          "description": null,
          "file": "/courses/14-310x-data-analysis-for-social-scientists-spring-2023/14310x-lecture-8_360p_16_9.mp4"
        },{
          "description": null,
          "file": "/courses/14-310x-data-analysis-for-social-scientists-spring-2023/14310x-lecture-9_360p_16_9.mp4"
        },{
          "description": null,
          "file": "/courses/14-310x-data-analysis-for-social-scientists-spring-2023/14310x-lecture-10_360p_16_9.mp4"
        },{
          "description": null,
          "file": "/courses/14-310x-data-analysis-for-social-scientists-spring-2023/14310x-lecture-11_360p_16_9.mp4"
        },{
          "description": null,
          "file": "/courses/14-310x-data-analysis-for-social-scientists-spring-2023/14310x-lecture-12_360p_16_9.mp4"
        },{
          "description": null,
          "file": "/courses/14-310x-data-analysis-for-social-scientists-spring-2023/14310x-lecture-13_360p_16_9.mp4"
        },{
          "description": null,
          "file": "/courses/14-310x-data-analysis-for-social-scientists-spring-2023/14310x-lecture-14_360p_16_9.mp4"
        },{
          "description": null,
          "file": "/courses/14-310x-data-analysis-for-social-scientists-spring-2023/14310x-lecture-15_360p_16_9.mp4"
        },{
          "description": null,
          "file": "/courses/14-310x-data-analysis-for-social-scientists-spring-2023/14310x-lecture-16_360p_16_9.mp4"
        },{
          "description": null,
          "file": "/courses/14-310x-data-analysis-for-social-scientists-spring-2023/14310x-lecture-17_360p_16_9.mp4"
        },{
          "description": null,
          "file": "/courses/14-310x-data-analysis-for-social-scientists-spring-2023/14310x-lecture-18_360p_16_9.mp4"
        },{
          "description": null,
          "file": "/courses/14-310x-data-analysis-for-social-scientists-spring-2023/14310x-lecture-19_360p_16_9.mp4"
        },{
          "description": null,
          "file": "/courses/14-310x-data-analysis-for-social-scientists-spring-2023/14310x-lecture-20_360p_16_9.mp4"
        },{
          "description": null,
          "file": "/courses/14-310x-data-analysis-for-social-scientists-spring-2023/14310x-lecture-21_360p_16_9.mp4"
        },{
          "description": null,
          "file": "/courses/14-310x-data-analysis-for-social-scientists-spring-2023/14310x-lecture-22_360p_16_9.mp4"
        },{
          "description": null,
          "file": "/courses/14-310x-data-analysis-for-social-scientists-spring-2023/14310x-lecture-23_360p_16_9.mp4"
        }]}


