{
  "title":"Lecture 04: Gathering and Collecting Data",
  "description": null,
  "file": "/courses/14-310x-data-analysis-for-social-scientists-spring-2023/14310x-lecture-4_360p_16_9.mp4",
  "learning_resource_types": ["Lecture Videos"],
  "resource_type": "Video",
  "file_type": "video/mp4",
  "youtube_key":  "msAXs6o-9Ko",
  "captions_file": "/courses/14-310x-data-analysis-for-social-scientists-spring-2023/1bUOl4GxMYRDMIJM2iKIPW5nZOIr2hSPR_transcript.webvtt",
  "transcript_file": "/courses/14-310x-data-analysis-for-social-scientists-spring-2023/1bUOl4GxMYRDMIJM2iKIPW5nZOIr2hSPR_transcript.pdf",
  "thumbnail_file": "https://img.youtube.com/vi/msAXs6o-9Ko/default.jpg",
  "archive_url": ""}
