{
  "title":"Lecture 16: (More) Explanatory Data Analysis: Nonparametric Comparisons and Regressions",
  "description": null,
  "file": "/courses/14-310x-data-analysis-for-social-scientists-spring-2023/14310x-lecture-16_360p_16_9.mp4",
  "learning_resource_types": ["Lecture Videos"],
  "resource_type": "Video",
  "file_type": "video/mp4",
  "youtube_key":  "ebKtv-S2S38",
  "captions_file": "/courses/14-310x-data-analysis-for-social-scientists-spring-2023/1aGP7NOrkWpiJB7genEwDDGsyc6tyh-qc_transcript.webvtt",
  "transcript_file": "/courses/14-310x-data-analysis-for-social-scientists-spring-2023/1aGP7NOrkWpiJB7genEwDDGsyc6tyh-qc_transcript.pdf",
  "thumbnail_file": "https://img.youtube.com/vi/ebKtv-S2S38/default.jpg",
  "archive_url": ""}
