<?xml version="1.0" encoding="utf-8" standalone="yes"?>
<rss version="2.0" xmlns:atom="http://www.w3.org/2005/Atom">
  <channel>
    <title>Problem Sets on MIT OpenCourseWare</title>
    <link>/resources/problem-sets/</link>
    <description>Recent content in Problem Sets on MIT OpenCourseWare</description>
    <generator>Hugo -- gohugo.io</generator>
    <language>en-us</language><atom:link href="/resources/problem-sets/index.xml" rel="self" type="application/rss+xml" />
    <item>
      <title>Homework 01</title>
      <link>/resources/mit14_310x_s23_homework01_pdf/data.json</link>
      <pubDate>Mon, 01 Jan 0001 00:00:00 +0000</pubDate>
      
      <guid>/resources/mit14_310x_s23_homework01_pdf/data.json</guid>
      <description></description>
    </item>
    
    <item>
      <title>Homework 02</title>
      <link>/resources/mit14_310x_s23_homework02_pdf/data.json</link>
      <pubDate>Mon, 01 Jan 0001 00:00:00 +0000</pubDate>
      
      <guid>/resources/mit14_310x_s23_homework02_pdf/data.json</guid>
      <description></description>
    </item>
    
    <item>
      <title>Homework 03 Part 01</title>
      <link>/resources/mit14_310x_s23_homework03_part01_pdf/data.json</link>
      <pubDate>Mon, 01 Jan 0001 00:00:00 +0000</pubDate>
      
      <guid>/resources/mit14_310x_s23_homework03_part01_pdf/data.json</guid>
      <description></description>
    </item>
    
    <item>
      <title>Homework 03 Part 02</title>
      <link>/resources/mit14_310x_s23_homework03_part02_pdf/data.json</link>
      <pubDate>Mon, 01 Jan 0001 00:00:00 +0000</pubDate>
      
      <guid>/resources/mit14_310x_s23_homework03_part02_pdf/data.json</guid>
      <description></description>
    </item>
    
    <item>
      <title>Homework 04</title>
      <link>/resources/mit14_310x_s23_homework04_pdf/data.json</link>
      <pubDate>Mon, 01 Jan 0001 00:00:00 +0000</pubDate>
      
      <guid>/resources/mit14_310x_s23_homework04_pdf/data.json</guid>
      <description></description>
    </item>
    
    <item>
      <title>Homework 05</title>
      <link>/resources/mit14_310x_s23_homework05_pdf/data.json</link>
      <pubDate>Mon, 01 Jan 0001 00:00:00 +0000</pubDate>
      
      <guid>/resources/mit14_310x_s23_homework05_pdf/data.json</guid>
      <description></description>
    </item>
    
    <item>
      <title>Homework 06</title>
      <link>/resources/mit14_310x_s23_homework06_pdf/data.json</link>
      <pubDate>Mon, 01 Jan 0001 00:00:00 +0000</pubDate>
      
      <guid>/resources/mit14_310x_s23_homework06_pdf/data.json</guid>
      <description></description>
    </item>
    
    <item>
      <title>Homework 07</title>
      <link>/resources/mit14_310x_s23_homework07_pdf/data.json</link>
      <pubDate>Mon, 01 Jan 0001 00:00:00 +0000</pubDate>
      
      <guid>/resources/mit14_310x_s23_homework07_pdf/data.json</guid>
      <description></description>
    </item>
    
    <item>
      <title>Homework 08</title>
      <link>/resources/mit14_310x_s23_homework08_pdf/data.json</link>
      <pubDate>Mon, 01 Jan 0001 00:00:00 +0000</pubDate>
      
      <guid>/resources/mit14_310x_s23_homework08_pdf/data.json</guid>
      <description></description>
    </item>
    
    <item>
      <title>Homework 09</title>
      <link>/resources/mit14_310x_s23_homework09_pdf/data.json</link>
      <pubDate>Mon, 01 Jan 0001 00:00:00 +0000</pubDate>
      
      <guid>/resources/mit14_310x_s23_homework09_pdf/data.json</guid>
      <description></description>
    </item>
    
    <item>
      <title>Homework 10</title>
      <link>/resources/mit14_310x_s23_homework10_pdf/data.json</link>
      <pubDate>Mon, 01 Jan 0001 00:00:00 +0000</pubDate>
      
      <guid>/resources/mit14_310x_s23_homework10_pdf/data.json</guid>
      <description></description>
    </item>
    
    <item>
      <title>mit14_310x_s23_week02_datacode.zip</title>
      <link>/resources/mit14_310x_s23_week02_datacode_zip/data.json</link>
      <pubDate>Mon, 01 Jan 0001 00:00:00 +0000</pubDate>
      
      <guid>/resources/mit14_310x_s23_week02_datacode_zip/data.json</guid>
      <description></description>
    </item>
    
    <item>
      <title>mit14_310x_s23_week03_datacode.zip</title>
      <link>/resources/mit14_310x_s23_week03_datacode_zip/data.json</link>
      <pubDate>Mon, 01 Jan 0001 00:00:00 +0000</pubDate>
      
      <guid>/resources/mit14_310x_s23_week03_datacode_zip/data.json</guid>
      <description></description>
    </item>
    
    <item>
      <title>mit14_310x_s23_week04_datacode.zip</title>
      <link>/resources/mit14_310x_s23_week04_datacode_zip/data.json</link>
      <pubDate>Mon, 01 Jan 0001 00:00:00 +0000</pubDate>
      
      <guid>/resources/mit14_310x_s23_week04_datacode_zip/data.json</guid>
      <description></description>
    </item>
    
    <item>
      <title>mit14_310x_s23_week07_datacode.zip</title>
      <link>/resources/mit14_310x_s23_week07_datacode_zip/data.json</link>
      <pubDate>Mon, 01 Jan 0001 00:00:00 +0000</pubDate>
      
      <guid>/resources/mit14_310x_s23_week07_datacode_zip/data.json</guid>
      <description></description>
    </item>
    
  </channel>
</rss>
