{
  "title":"Lecture 02: Fundamentals of Probability",
  "description": null,
  "file": "/courses/14-310x-data-analysis-for-social-scientists-spring-2023/14310x-lecture-2_360p_16_9.mp4",
  "learning_resource_types": ["Lecture Videos"],
  "resource_type": "Video",
  "file_type": "video/mp4",
  "youtube_key":  "ZyDktXm6v-s",
  "captions_file": "/courses/14-310x-data-analysis-for-social-scientists-spring-2023/16et2U8JtPicWPVCIC_M4NtkBfMwlFHNe_transcript.webvtt",
  "transcript_file": "/courses/14-310x-data-analysis-for-social-scientists-spring-2023/16et2U8JtPicWPVCIC_M4NtkBfMwlFHNe_transcript.pdf",
  "thumbnail_file": "https://img.youtube.com/vi/ZyDktXm6v-s/default.jpg",
  "archive_url": ""}
