{
  "title":"Lecture 03: Random Variables, Distributions, and Joint Distributions",
  "description": null,
  "file": "/courses/14-310x-data-analysis-for-social-scientists-spring-2023/14310x-lecture-3_360p_16_9.mp4",
  "learning_resource_types": ["Lecture Videos"],
  "resource_type": "Video",
  "file_type": "video/mp4",
  "youtube_key":  "QuWEUrIzZNs",
  "captions_file": "/courses/14-310x-data-analysis-for-social-scientists-spring-2023/1XOWEoe5f4ltgx97vK4ahOSgqvqwi2O7C_transcript.webvtt",
  "transcript_file": "/courses/14-310x-data-analysis-for-social-scientists-spring-2023/1XOWEoe5f4ltgx97vK4ahOSgqvqwi2O7C_transcript.pdf",
  "thumbnail_file": "https://img.youtube.com/vi/QuWEUrIzZNs/default.jpg",
  "archive_url": ""}
