{
  "title":"Lecture 20: Omitted Variable Bias",
  "description": null,
  "file": "/courses/14-310x-data-analysis-for-social-scientists-spring-2023/14310x-lecture-20_360p_16_9.mp4",
  "learning_resource_types": ["Lecture Videos"],
  "resource_type": "Video",
  "file_type": "video/mp4",
  "youtube_key":  "B1Qc8pDxkoo",
  "captions_file": "/courses/14-310x-data-analysis-for-social-scientists-spring-2023/1kEaFWwmmQZOwDrpM-xm1QxS7ubit2Fb__transcript.webvtt",
  "transcript_file": "/courses/14-310x-data-analysis-for-social-scientists-spring-2023/1kEaFWwmmQZOwDrpM-xm1QxS7ubit2Fb__transcript.pdf",
  "thumbnail_file": "https://img.youtube.com/vi/B1Qc8pDxkoo/default.jpg",
  "archive_url": ""}
