{
  "title":"Lecture 13. Confidence Intervals, Hypothesis Testing, and Power Calculations",
  "description": null,
  "file": "/courses/14-310x-data-analysis-for-social-scientists-spring-2023/14310x-lecture-13_360p_16_9.mp4",
  "learning_resource_types": ["Lecture Videos"],
  "resource_type": "Video",
  "file_type": "video/mp4",
  "youtube_key":  "uHUOwZmfUzY",
  "captions_file": "/courses/14-310x-data-analysis-for-social-scientists-spring-2023/1flsEG3OZ479jkG9kRf1siIKNLTKIXa4x_transcript.webvtt",
  "transcript_file": "/courses/14-310x-data-analysis-for-social-scientists-spring-2023/1flsEG3OZ479jkG9kRf1siIKNLTKIXa4x_transcript.pdf",
  "thumbnail_file": "https://img.youtube.com/vi/uHUOwZmfUzY/default.jpg",
  "archive_url": ""}
