{
  "title":"Lecture 12: Assessing and Deriving Estimators",
  "description": null,
  "file": "/courses/14-310x-data-analysis-for-social-scientists-spring-2023/14310x-lecture-12_360p_16_9.mp4",
  "learning_resource_types": ["Lecture Videos"],
  "resource_type": "Video",
  "file_type": "video/mp4",
  "youtube_key":  "1eXWDepLpNU",
  "captions_file": "/courses/14-310x-data-analysis-for-social-scientists-spring-2023/1PojOjDPcm1F7LClHqbLBH8ziL8VvWyeY_transcript.webvtt",
  "transcript_file": "/courses/14-310x-data-analysis-for-social-scientists-spring-2023/1PojOjDPcm1F7LClHqbLBH8ziL8VvWyeY_transcript.pdf",
  "thumbnail_file": "https://img.youtube.com/vi/1eXWDepLpNU/default.jpg",
  "archive_url": ""}
